Workbook

Sheet Resumen
B2: Flujos disponibles · Sistema de Trámites Migratorios
B4: Fecha de ejecución | C4: 2026-10-18 15:06
B5: Ejecutado por | C5: Edgar Rosario (cubriendo QA)
B6: Entorno | C6: Docker Desktop: PostgreSQL 16, backend Spring Boot (http://localhost:8080), frontend nginx (http://localhost:8081)
B7: Código probado | C7: Rama integracion/frontend-backend, commit b8a1b91 (clon limpio desde GitHub)
B8: Datos | C8: Solo usuarios y datos ficticios (dominio demo.pa); tokens y contraseñas enmascarados en la evidencia
B11: Indicador | C11: Valor
B12: Flujos documentados | C12: =COUNTA(Flujos!A2:A42) -> 41
B13: Flujos que pasan | C13: =COUNTIF(Flujos!J2:J42,"PASA") -> 39
B14: Pasan con observación | C14: =COUNTIF(Flujos!J2:J42,"PASA CON OBSERVACIÓN") -> 1
B15: No conectados al backend | C15: =COUNTIF(Flujos!J2:J42,"NO CONECTADO") -> 1
B16: Flujos que fallan | C16: =COUNTIF(Flujos!J2:J42,"FALLA") -> 0
B17: Peticiones HTTP ejecutadas | C17: =COUNTA(Pasos!A2:A132) -> 131
B18: Peticiones con el código esperado | C18: =COUNTIF(Pasos!I2:I132,"Sí") -> 131
B21: Módulo | C21: Flujos | D21: Pasan | E21: Fallan
B22: Entorno | C22: =COUNTIF(Flujos!B2:B42,B22) -> 1 | D22: =COUNTIFS(Flujos!B2:B42,B22,Flujos!J2:J42,"PASA*") -> 1 | E22: =COUNTIFS(Flujos!B2:B42,B22,Flujos!J2:J42,"FALLA") -> 0
B23: Acceso | C23: =COUNTIF(Flujos!B2:B42,B23) -> 3 | D23: =COUNTIFS(Flujos!B2:B42,B23,Flujos!J2:J42,"PASA*") -> 3 | E23: =COUNTIFS(Flujos!B2:B42,B23,Flujos!J2:J42,"FALLA") -> 0
B24: Cuenta | C24: =COUNTIF(Flujos!B2:B42,B24) -> 4 | D24: =COUNTIFS(Flujos!B2:B42,B24,Flujos!J2:J42,"PASA*") -> 4 | E24: =COUNTIFS(Flujos!B2:B42,B24,Flujos!J2:J42,"FALLA") -> 0
B25: Seguridad | C25: =COUNTIF(Flujos!B2:B42,B25) -> 2 | D25: =COUNTIFS(Flujos!B2:B42,B25,Flujos!J2:J42,"PASA*") -> 2 | E25: =COUNTIFS(Flujos!B2:B42,B25,Flujos!J2:J42,"FALLA") -> 0
B26: Catálogos | C26: =COUNTIF(Flujos!B2:B42,B26) -> 1 | D26: =COUNTIFS(Flujos!B2:B42,B26,Flujos!J2:J42,"PASA*") -> 1 | E26: =COUNTIFS(Flujos!B2:B42,B26,Flujos!J2:J42,"FALLA") -> 0
B27: Expedientes | C27: =COUNTIF(Flujos!B2:B42,B27) -> 5 | D27: =COUNTIFS(Flujos!B2:B42,B27,Flujos!J2:J42,"PASA*") -> 5 | E27: =COUNTIFS(Flujos!B2:B42,B27,Flujos!J2:J42,"FALLA") -> 0
B28: Documentos | C28: =COUNTIF(Flujos!B2:B42,B28) -> 3 | D28: =COUNTIFS(Flujos!B2:B42,B28,Flujos!J2:J42,"PASA*") -> 3 | E28: =COUNTIFS(Flujos!B2:B42,B28,Flujos!J2:J42,"FALLA") -> 0
B29: Estados | C29: =COUNTIF(Flujos!B2:B42,B29) -> 3 | D29: =COUNTIFS(Flujos!B2:B42,B29,Flujos!J2:J42,"PASA*") -> 3 | E29: =COUNTIFS(Flujos!B2:B42,B29,Flujos!J2:J42,"FALLA") -> 0
B30: Observaciones | C30: =COUNTIF(Flujos!B2:B42,B30) -> 2 | D30: =COUNTIFS(Flujos!B2:B42,B30,Flujos!J2:J42,"PASA*") -> 2 | E30: =COUNTIFS(Flujos!B2:B42,B30,Flujos!J2:J42,"FALLA") -> 0
B31: Historial | C31: =COUNTIF(Flujos!B2:B42,B31) -> 2 | D31: =COUNTIFS(Flujos!B2:B42,B31,Flujos!J2:J42,"PASA*") -> 2 | E31: =COUNTIFS(Flujos!B2:B42,B31,Flujos!J2:J42,"FALLA") -> 0
B32: Notificaciones | C32: =COUNTIF(Flujos!B2:B42,B32) -> 1 | D32: =COUNTIFS(Flujos!B2:B42,B32,Flujos!J2:J42,"PASA*") -> 1 | E32: =COUNTIFS(Flujos!B2:B42,B32,Flujos!J2:J42,"FALLA") -> 0
B33: Consentimiento | C33: =COUNTIF(Flujos!B2:B42,B33) -> 2 | D33: =COUNTIFS(Flujos!B2:B42,B33,Flujos!J2:J42,"PASA*") -> 2 | E33: =COUNTIFS(Flujos!B2:B42,B33,Flujos!J2:J42,"FALLA") -> 0
B34: Derechos ARCO | C34: =COUNTIF(Flujos!B2:B42,B34) -> 2 | D34: =COUNTIFS(Flujos!B2:B42,B34,Flujos!J2:J42,"PASA*") -> 2 | E34: =COUNTIFS(Flujos!B2:B42,B34,Flujos!J2:J42,"FALLA") -> 0
B35: Auditoría | C35: =COUNTIF(Flujos!B2:B42,B35) -> 2 | D35: =COUNTIFS(Flujos!B2:B42,B35,Flujos!J2:J42,"PASA*") -> 2 | E35: =COUNTIFS(Flujos!B2:B42,B35,Flujos!J2:J42,"FALLA") -> 0
B36: Errores | C36: =COUNTIF(Flujos!B2:B42,B36) -> 1 | D36: =COUNTIFS(Flujos!B2:B42,B36,Flujos!J2:J42,"PASA*") -> 1 | E36: =COUNTIFS(Flujos!B2:B42,B36,Flujos!J2:J42,"FALLA") -> 0
B37: Fuentes simuladas | C37: =COUNTIF(Flujos!B2:B42,B37) -> 1 | D37: =COUNTIFS(Flujos!B2:B42,B37,Flujos!J2:J42,"PASA*") -> 1 | E37: =COUNTIFS(Flujos!B2:B42,B37,Flujos!J2:J42,"FALLA") -> 0
B38: Portal del cliente | C38: =COUNTIF(Flujos!B2:B42,B38) -> 5 | D38: =COUNTIFS(Flujos!B2:B42,B38,Flujos!J2:J42,"PASA*") -> 5 | E38: =COUNTIFS(Flujos!B2:B42,B38,Flujos!J2:J42,"FALLA") -> 0
B39: Módulo interno | C39: =COUNTIF(Flujos!B2:B42,B39) -> 1 | D39: =COUNTIFS(Flujos!B2:B42,B39,Flujos!J2:J42,"PASA*") -> 0 | E39: =COUNTIFS(Flujos!B2:B42,B39,Flujos!J2:J42,"FALLA") -> 0
B42: Observaciones
B43: • El módulo interno (I-01 y siguientes) todavía usa datos ficticios del frontend y no llama a la API; sus flujos se probaron directamente contra la API (F-15 a F-35).
B44: • En “Mis trámites” (P-06) el portal muestra un bloque de carga duplicado y tarjetas de ejemplo; pendiente TASK-16.3 (Frontend).
B45: • La fuente simulada TE no tiene datos para la cédula consultada en F-34: el escenario OK devolvió “sin resultado” (404), que es una respuesta válida de la fuente.
B46: • El código y las capturas de cada flujo están en QA/evidencias/sprints-2-4/flujos del repositorio (rama qa/pruebas-sprints-2-4).

Sheet Flujos
A1: ID | B1: Módulo | C1: Flujo | D1: Rol(es) | E1: Canal | F1: Tareas relacionadas | G1: Pasos ejecutados | H1: Resultado esperado | I1: Resultado obtenido | J1: Estado | K1: Captura
A2: F-01 | B2: Entorno | C2: Health check del backend | D2: Público | E2: API REST (http://localhost:8080) | F2: TASK-10.6 | G2: 1. sin sesión: GET /actuator/health → 200 | H2: GET /actuator/health responde 200 con status UP sin exponer detalles. | I2: 1 de 1 pasos con el código esperado (200). | J2: PASA | K2: Ver F-01
A3: F-02 | B3: Acceso | C3: Iniciar sesión con credenciales válidas | D3: Cliente | E3: API REST (http://localhost:8080) | F3: TASK-13.4, TASK-22.5 | G3: 1. cliente: POST /api/auth/login → 200 2. cliente: GET /api/perfil → 200 | H3: Login correcto devuelve token, rol y datos del usuario; el token se enmascara en la evidencia. | I3: 2 de 2 pasos con el código esperado (200). | J3: PASA | K3: Ver F-02
A4: F-03 | B4: Acceso | C4: Login fallido sin revelar si el correo existe | D4: Sin sesión | E4: API REST (http://localhost:8080) | F4: TASK-14.4, TASK-22.5 | G4: 1. sin sesión: POST /api/auth/login → 401 2. sin sesión: POST /api/auth/login → 401 | H4: Contraseña errónea y correo inexistente responden igual: 401 con el mismo código y mensaje. | I4: 2 de 2 pasos con el código esperado (401). | J4: PASA | K4: Ver F-03
A5: F-04 | B5: Cuenta | C5: Registro de cuenta de cliente (P-02) | D5: Sin sesión | E5: API REST (http://localhost:8080) | F5: — | G5: 1. sin sesión: POST /api/auth/registro → 400 2. sin sesión: POST /api/auth/registro → 400 3. sin sesión: POST /api/auth/registro → 201 | H5: Registro con datos válidos crea la cuenta (201); política de contraseña y aceptación de tratamiento obligatorias (400). | I5: 3 de 3 pasos con el código esperado (400, 201). | J5: PASA | K5: Ver F-04
A6: F-05 | B6: Cuenta | C6: Recuperación de contraseña (P-04) | D6: Sin sesión | E6: API REST (http://localhost:8080) | F6: TASK-14.4 | G6: 1. sin sesión: POST /api/auth/recuperacion → 202 2. sin sesión: POST /api/auth/recuperacion → 202 3. sin sesión: POST /api/auth/recuperacion/confirmacion → 400 | H6: La solicitud responde 202 igual exista o no la cuenta; un token inválido se rechaza. | I6: 3 de 3 pasos con el código esperado (202, 400). | J6: PASA | K6: Ver F-05
A7: F-06 | B7: Cuenta | C7: Consultar y actualizar mi perfil (P-05) | D7: Cliente | E7: API REST (http://localhost:8080) | F7: TASK-13.4 | G7: 1. cliente: PATCH /api/perfil → 200 2. cliente: GET /api/perfil → 200 | H7: El cliente ve su perfil y cambia teléfono e idioma; intentar cambiar su rol no tiene efecto. | I7: 2 de 2 pasos con el código esperado (200). El rol sigue siendo SOLICITANTE. | J7: PASA | K7: Ver F-06
A8: F-07 | B8: Cuenta | C8: Cambio de contraseña con la actual incorrecta | D8: Cliente | E8: API REST (http://localhost:8080) | F8: TASK-22.5 | G8: 1. cliente: PUT /api/auth/contrasena → 400 | H8: Sin la contraseña actual correcta el cambio se rechaza (400) y queda auditado como FALLO. | I8: 1 de 1 pasos con el código esperado (400). | J8: PASA | K8: Ver F-07
A9: F-08 | B9: Acceso | C9: Cerrar sesión invalida el token | D9: Cliente 2 | E9: API REST (http://localhost:8080) | F9: TASK-13.4 | G9: 1. temporal: POST /api/auth/login → 200 2. temporal: GET /api/perfil → 200 3. temporal: POST /api/auth/logout → 204 4. temporal: GET /api/perfil → 401 | H9: Tras POST /api/auth/logout (204), el mismo token responde 401. | I9: 4 de 4 pasos con el código esperado (200, 204, 401). | J9: PASA | K9: Ver F-08
A10: F-09 | B10: Seguridad | C10: Token falso o ausente | D10: Sin sesión | E10: API REST (http://localhost:8080) | F10: TASK-13.4, TASK-14.4 | G10: 1. sin sesión: GET /api/expedientes → 401 2. falso: GET /api/expedientes → 401 | H10: Sin token o con un token inventado la API responde 401 con cuerpo uniforme. | I10: 2 de 2 pasos con el código esperado (401). | J10: PASA | K10: Ver F-09
A11: F-10 | B11: Catálogos | C11: Consultar tipos de trámite y tipos documentales | D11: Cliente | E11: API REST (http://localhost:8080) | F11: TASK-16.4 | G11: 1. cliente: GET /api/catalogos/tipos-tramite → 200 2. cliente: GET /api/catalogos/tipos-documentales → 200 | H11: Se listan los 4 trámites con sus requisitos y los tipos documentales con MIME y tamaño máximo. | I11: 2 de 2 pasos con el código esperado (200). | J11: PASA | K11: Ver F-10
A12: F-11 | B12: Expedientes | C12: Crear expediente (P-09…P-17) | D12: Cliente | E12: API REST (http://localhost:8080) | F12: TASK-16.4 | G12: 1. cliente: POST /api/expedientes → 201 2. cliente: POST /api/expedientes → 400 | H12: El cliente crea un expediente (201, estado RECIBIDO); un tipo inexistente responde 400 con el campo señalado. | I12: 2 de 2 pasos con el código esperado (201, 400). | J12: PASA | K12: Ver F-11
... A42: U-06 | B42: Módulo interno | C42: Acceso institucional del despacho (I-01) | D42: Recepción | E42: Portal (http://localhost:8081) | F42: — | G42: 1. Abrir #/interno/login 2. Escribir recepcion@demo.pa y la contraseña demo 3. Pulsar “Continuar” | H42: El módulo interno autentica contra el backend. | I42: Rechaza al usuario demo: la pantalla todavía usa datos ficticios del frontend (js/fixtures/i-01-login-interno.js) y no llama a la API. Integración pendiente de Frontend. | J42: NO CONECTADO | K42: Ver U-06

Sheet Pasos
A1: Flujo | B1: Paso | C1: Actor | D1: Método | E1: Ruta | F1: Petición (enmascarada) | G1: Código esperado | H1: Código obtenido | I1: ¿Coincide? | J1: Correlación (X-Correlation-Id)
A2: F-01 | B2: 1 | C2: sin sesión | D2: GET | E2: /actuator/health | F2: — | G2: 200 | H2: 200 | I2: Sí | J2: f2dc7964-53e3-4e70-9393-ae64091410d5
A3: F-02 | B3: 1 | C3: cliente | D3: POST | E3: /api/auth/login | F3: {"correo":"cliente@demo.pa","contrasena":"•••"} | G3: 200 | H3: 200 | I3: Sí | J3: 71aeb483-2246-4a9d-9c19-279c52f03b43
A4: F-02 | B4: 2 | C4: cliente | D4: GET | E4: /api/perfil | F4: — | G4: 200 | H4: 200 | I4: Sí | J4: 9db756e2-647a-449e-ab32-abf3a664aec5
A5: F-03 | B5: 1 | C5: sin sesión | D5: POST | E5: /api/auth/login | F5: {"correo":"cliente2@demo.pa","contrasena":"•••"} | G5: 401 | H5: 401 | I5: Sí | J5: 037dab57-dd05-4644-8a11-14491b092adf
A6: F-03 | B6: 2 | C6: sin sesión | D6: POST | E6: /api/auth/login | F6: {"correo":"no-existe@demo.pa","contrasena":"•••"} | G6: 401 | H6: 401 | I6: Sí | J6: 62a7a202-576a-4d6e-be33-72c94d408e4c
A7: F-04 | B7: 1 | C7: sin sesión | D7: POST | E7: /api/auth/registro | F7: {"tipoDocumento":"PASAPORTE","numeroDocumento":"QA54010587","nombre":"Cliente QA (ficticio)","nacionalidad":"CO","correo":"xqa-1792354010587@demo.pa","telefono":"+507 6000-0000","paisResidencia":"PA","contrasena":"•••","aceptaTratamientoDatos":true} | G7: 400 | H7: 400 | I7: Sí | J7: a9ea7253-309d-460e-9107-a65a9ffe80d2
A8: F-04 | B8: 2 | C8: sin sesión | D8: POST | E8: /api/auth/registro | F8: {"tipoDocumento":"PASAPORTE","numeroDocumento":"QA54010587","nombre":"Cliente QA (ficticio)","nacionalidad":"CO","correo":"yqa-1792354010587@demo.pa","telefono":"+507 6000-0000","paisResidencia":"PA","contrasena":"•••","aceptaTratamientoDatos":false} | G8: 400 | H8: 400 | I8: Sí | J8: 6053b818-d20a-459d-ade0-47f45ed98a85
A9: F-04 | B9: 3 | C9: sin sesión | D9: POST | E9: /api/auth/registro | F9: {"tipoDocumento":"PASAPORTE","numeroDocumento":"QA54010587","nombre":"Cliente QA (ficticio)","nacionalidad":"CO","correo":"qa-1792354010587@demo.pa","telefono":"+507 6000-0000","paisResidencia":"PA","contrasena":"•••","aceptaTratamientoDatos":true} | G9: 201 | H9: 201 | I9: Sí | J9: a5f78480-eba4-4d08-86ee-b20347440259
A10: F-05 | B10: 1 | C10: sin sesión | D10: POST | E10: /api/auth/recuperacion | F10: {"correo":"qa-1792354010587@demo.pa"} | G10: 202 | H10: 202 | I10: Sí | J10: 387c014f-00bd-4fb5-ad8c-20eb485d5430
A11: F-05 | B11: 2 | C11: sin sesión | D11: POST | E11: /api/auth/recuperacion | F11: {"correo":"no-existe@demo.pa"} | G11: 202 | H11: 202 | I11: Sí | J11: d294006a-b5f1-4996-96eb-cb8e5f7428a4
A12: F-05 | B12: 3 | C12: sin sesión | D12: POST | E12: /api/auth/recuperacion/confirmacion | F12: {"token":"•••","contrasenaNueva":"•••"} | G12: 400 | H12: 400 | I12: Sí | J12: 5d589800-3e58-41b2-8bd4-76d4c23d81f5
A13: F-06 | B13: 1 | C13: cliente | D13: PATCH | E13: /api/perfil | F13: {"telefono":"+507 6111-2222","idiomaNotificacion":"ES","rol":"ADMIN"} | G13: 200 | H13: 200 | I13: Sí | J13: 3fe591c6-4c82-4888-b6da-6a764867e3cd
... A132: F-35 | B132: 10 | C132: admin | D132: GET | E132: /api/auditoria/eventos?tamano=1 | F132: — | G132: 403 | H132: 403 | I132: Sí | J132: d14d6eb4-bb90-4b9d-bc4d-da970432e0db

Sheet Capturas
B1: Capturas de evidencia por flujo (API real en Docker y portal) · 2026-10-18 15:06
B3: F-01 · Health check del backend — PASA | I3: ↑ Volver a Flujos
B22: F-02 · Iniciar sesión con credenciales válidas — PASA | I22: ↑ Volver a Flujos
B55: F-03 · Login fallido sin revelar si el correo existe — PASA | I55: ↑ Volver a Flujos
B80: F-04 · Registro de cuenta de cliente (P-02) — PASA | I80: ↑ Volver a Flujos
B129: F-05 · Recuperación de contraseña (P-04) — PASA | I129: ↑ Volver a Flujos
B153: F-06 · Consultar y actualizar mi perfil (P-05) — PASA | I153: ↑ Volver a Flujos
B184: F-07 · Cambio de contraseña con la actual incorrecta — PASA | I184: ↑ Volver a Flujos
B207: F-08 · Cerrar sesión invalida el token — PASA | I207: ↑ Volver a Flujos
B244: F-09 · Token falso o ausente — PASA | I244: ↑ Volver a Flujos
B268: F-10 · Consultar tipos de trámite y tipos documentales — PASA | I268: ↑ Volver a Flujos
B302: F-11 · Crear expediente (P-09…P-17) — PASA | I302: ↑ Volver a Flujos
B335: F-12 · Listar mis expedientes con filtros y paginación (P-06) — PASA | I335: ↑ Volver a Flujos
... B1595: U-06 · Acceso institucional del despacho (I-01) — NO CONECTADO | I1595: ↑ Volver a Flujos
